,Model,PR-AUC,ROC-AUC,F1,MCC
6,Logistic Regression mixed,0.7205333108650614,0.9184741665261145,0.6096997690531177,0.5742172420513033
7,Random Forest mixed,0.7165795048838196,0.9296143250688705,0.5181818181818182,0.5335281007879831
8,Support Vector Machine mixed,0.7133142974139003,0.9082953842694104,0.631578947368421,0.5832520178337675
0,Random Forest desc,0.6729305907221159,0.9185500646539607,0.4413145539906103,0.45783129155336655
1,Support Vector Machine desc,0.6711974962015734,0.8908135154888401,0.6133333333333333,0.5633362729402895
3,Random Forest fp,0.6687423239420907,0.9183842131894081,0.4954954954954955,0.5021642657255586
4,Support Vector Machine fp,0.658535742641461,0.9123348512958903,0.6350148367952523,0.5844000532238056
2,Logistic Regression desc,0.6571788596231983,0.9067633665036263,0.5288270377733598,0.49300352062303254
5,Logistic Regression fp,0.6451124813621496,0.9072018890200709,0.5924170616113744,0.5492505596092185
