,Model,PR-AUC,ROC-AUC,F1,MCC
1,Support Vector Machine,0.7232361576724291,0.911036149997189,0.6666666666666666,0.6216411908234057
2,Random Forest,0.7068939648220955,0.9264462809917356,0.5339366515837104,0.5499977968406695
0,Logistic Regression,0.703787436853893,0.9200764603362006,0.6238095238095238,0.5875246638006256
