,Model,PR-AUC,ROC-AUC,F1,MCC
1,Support Vector Machine,0.6864226873797997,0.8980884915949852,0.6290322580645161,0.5813935458352906
2,Random Forest,0.6782188391011658,0.9164080508236353,0.4485981308411215,0.464185711434292
0,Logistic Regression,0.6221325479727926,0.9103165233035362,0.532803180914513,0.49836568303543916
