,Model,PR-AUC,ROC-AUC,F1,MCC
2,Random Forest,0.6687423239420907,0.9183842131894081,0.4954954954954955,0.5021642657255586
1,Support Vector Machine,0.658535742641461,0.9123348512958903,0.6350148367952523,0.5844000532238056
0,Logistic Regression,0.6451124813621496,0.9072018890200709,0.5924170616113744,0.5492505596092185
