,Model,PR-AUC,ROC-AUC,F1,MCC
1,Support Vector Machine,0.6836707321327089,0.9117670208579298,0.6333333333333333,0.586182611734445
2,Random Forest,0.6631063728678074,0.9185894192387699,0.5,0.5033971224591857
0,Logistic Regression,0.6451124813621496,0.9072018890200709,0.5924170616113744,0.5492505596092185
